INSERT INTO currencies (id, code, name, created_at) VALUES
    ('a0000000-0000-0000-0000-000000000001', 'BRL', 'Real Brasileiro', NOW()),
    ('a0000000-0000-0000-0000-000000000002', 'USD', 'Dólar Americano', NOW());

INSERT INTO exchange_rates (id, from_currency_id, to_currency_id, rate, effective_date, created_at) VALUES
    (RANDOM_UUID(), 'a0000000-0000-0000-0000-000000000002', 'a0000000-0000-0000-0000-000000000001', 5.200000, '2024-01-01', NOW()),
    (RANDOM_UUID(), 'a0000000-0000-0000-0000-000000000002', 'a0000000-0000-0000-0000-000000000001', 5.150000, '2024-03-01', NOW()),
    (RANDOM_UUID(), 'a0000000-0000-0000-0000-000000000002', 'a0000000-0000-0000-0000-000000000001', 5.320000, '2024-06-01', NOW()),
    (RANDOM_UUID(), 'a0000000-0000-0000-0000-000000000002', 'a0000000-0000-0000-0000-000000000001', 5.410000, '2026-01-01', NOW()),
    (RANDOM_UUID(), 'a0000000-0000-0000-0000-000000000001', 'a0000000-0000-0000-0000-000000000002', 0.185185, '2026-01-01', NOW());

INSERT INTO product_types (id, name, spread_monthly, description) VALUES
    ('b0000000-0000-0000-0000-000000000001', 'Duplicata Mercantil', 0.0150,
     'Recebível lastreado em nota fiscal com entrega confirmada. Risco baixo.'),
    ('b0000000-0000-0000-0000-000000000002', 'Cheque Pre-datado', 0.0250,
     'Cheque com data futura. Maior risco de devolução e fraude. Risco médio.');

INSERT INTO transactions (id, cedente, face_value, present_value, discount, base_rate, term_months,
                          product_type_id, title_currency_id, payment_currency_id, due_date, liquidated_at, created_at)
VALUES
    (RANDOM_UUID(), 'Petrobras S.A.', 50000.0000, 43114.8433, 6885.1567, 0.0100, 6,
     'b0000000-0000-0000-0000-000000000001', 'a0000000-0000-0000-0000-000000000001', 'a0000000-0000-0000-0000-000000000001',
     '2026-12-01', NOW(), NOW()),
    (RANDOM_UUID(), 'Vale S.A.', 30000.0000, 27939.6772, 2060.3228, 0.0090, 3,
     'b0000000-0000-0000-0000-000000000001', 'a0000000-0000-0000-0000-000000000001', 'a0000000-0000-0000-0000-000000000001',
     '2026-09-15', NOW(), NOW()),
    (RANDOM_UUID(), 'Itaú Unibanco', 80000.0000, 57687.4284, 22312.5716, 0.0120, 9,
     'b0000000-0000-0000-0000-000000000002', 'a0000000-0000-0000-0000-000000000001', 'a0000000-0000-0000-0000-000000000001',
     '2027-03-01', NOW(), NOW()),
    (RANDOM_UUID(), 'Magazine Luiza S.A.', 15000.0000, 13928.9912, 1071.0088, 0.0100, 3,
     'b0000000-0000-0000-0000-000000000001', 'a0000000-0000-0000-0000-000000000001', 'a0000000-0000-0000-0000-000000000001',
     '2026-09-01', NOW(), NOW()),
    (RANDOM_UUID(), 'Ambev S.A.', 25000.0000, 20888.5591, 4111.4409, 0.0110, 7,
     'b0000000-0000-0000-0000-000000000001', 'a0000000-0000-0000-0000-000000000001', 'a0000000-0000-0000-0000-000000000001',
     '2027-01-15', NOW(), NOW()),
    (RANDOM_UUID(), 'Embraer S.A.', 100000.0000, 68869.4262, 31130.5738, 0.0130, 10,
     'b0000000-0000-0000-0000-000000000002', 'a0000000-0000-0000-0000-000000000002', 'a0000000-0000-0000-0000-000000000001',
     '2027-04-01', NOW(), NOW()),
    (RANDOM_UUID(), 'Bradesco S.A.', 45000.0000, 41007.2953, 3992.7047, 0.0085, 4,
     'b0000000-0000-0000-0000-000000000001', 'a0000000-0000-0000-0000-000000000001', 'a0000000-0000-0000-0000-000000000001',
     '2026-10-01', NOW(), NOW()),
    (RANDOM_UUID(), 'WEG S.A.', 60000.0000, 45741.1722, 14258.8278, 0.0095, 8,
     'b0000000-0000-0000-0000-000000000002', 'a0000000-0000-0000-0000-000000000001', 'a0000000-0000-0000-0000-000000000001',
     '2027-02-01', NOW(), NOW()),
    (RANDOM_UUID(), 'Natura Co', 20000.0000, 19110.7939, 889.2061, 0.0080, 2,
     'b0000000-0000-0000-0000-000000000001', 'a0000000-0000-0000-0000-000000000001', 'a0000000-0000-0000-0000-000000000001',
     '2026-08-15', NOW(), NOW()),
    (RANDOM_UUID(), 'Localiza Rent a Car', 35000.0000, 31807.4577, 3192.5423, 0.0092, 4,
     'b0000000-0000-0000-0000-000000000001', 'a0000000-0000-0000-0000-000000000001', 'a0000000-0000-0000-0000-000000000001',
     '2026-10-20', NOW(), NOW()),
    (RANDOM_UUID(), 'Gerdau S.A.', 70000.0000, 48910.8236, 21089.1764, 0.0115, 10,
     'b0000000-0000-0000-0000-000000000002', 'a0000000-0000-0000-0000-000000000001', 'a0000000-0000-0000-0000-000000000001',
     '2027-04-15', NOW(), NOW()),
    (RANDOM_UUID(), 'B3 S.A.', 12000.0000, 11448.5635, 551.4365, 0.0088, 2,
     'b0000000-0000-0000-0000-000000000001', 'a0000000-0000-0000-0000-000000000001', 'a0000000-0000-0000-0000-000000000001',
     '2026-08-01', NOW(), NOW()),
    (RANDOM_UUID(), 'Porto Seguro S.A.', 18000.0000, 15155.5170, 2844.4830, 0.0100, 5,
     'b0000000-0000-0000-0000-000000000002', 'a0000000-0000-0000-0000-000000000001', 'a0000000-0000-0000-0000-000000000001',
     '2026-11-01', NOW(), NOW()),
    (RANDOM_UUID(), 'Totvs S.A.', 8000.0000, 7450.5806, 549.4194, 0.0090, 3,
     'b0000000-0000-0000-0000-000000000001', 'a0000000-0000-0000-0000-000000000001', 'a0000000-0000-0000-0000-000000000001',
     '2026-09-01', NOW(), NOW()),
    (RANDOM_UUID(), 'Fleury S.A.', 22000.0000, 18915.1022, 3084.8978, 0.0105, 6,
     'b0000000-0000-0000-0000-000000000001', 'a0000000-0000-0000-0000-000000000001', 'a0000000-0000-0000-0000-000000000001',
     '2026-12-15', NOW(), NOW()),
    (RANDOM_UUID(), 'Raia Drogasil S.A.', 40000.0000, 37340.3511, 2659.6489, 0.0082, 3,
     'b0000000-0000-0000-0000-000000000001', 'a0000000-0000-0000-0000-000000000001', 'a0000000-0000-0000-0000-000000000001',
     '2026-09-10', NOW(), NOW()),
    (RANDOM_UUID(), 'Rede D Or Sao Luiz', 90000.0000, 60349.8492, 29650.1508, 0.0120, 11,
     'b0000000-0000-0000-0000-000000000002', 'a0000000-0000-0000-0000-000000000001', 'a0000000-0000-0000-0000-000000000001',
     '2027-05-01', NOW(), NOW()),
    (RANDOM_UUID(), 'Suzano S.A.', 55000.0000, 48730.7253, 6269.2747, 0.0095, 5,
     'b0000000-0000-0000-0000-000000000001', 'a0000000-0000-0000-0000-000000000001', 'a0000000-0000-0000-0000-000000000001',
     '2026-11-20', NOW(), NOW()),
    (RANDOM_UUID(), 'Eneva S.A.', 28000.0000, 24772.0785, 3227.9215, 0.0098, 5,
     'b0000000-0000-0000-0000-000000000001', 'a0000000-0000-0000-0000-000000000001', 'a0000000-0000-0000-0000-000000000001',
     '2026-11-10', NOW(), NOW()),
    (RANDOM_UUID(), 'Vivara Participacoes', 16000.0000, 12955.8092, 3044.1908, 0.0108, 6,
     'b0000000-0000-0000-0000-000000000002', 'a0000000-0000-0000-0000-000000000001', 'a0000000-0000-0000-0000-000000000001',
     '2026-12-20', NOW(), NOW());
